/*
  # Seed Training Records, Certificates & Schedule

  Populates training module with realistic data for medical waste facility.
  1. training_records - ~80 completion records across employees and courses
  2. training_certificates - ~35 certificates tied to completions
  3. training_schedule - 10 upcoming and recent training sessions
*/

-- ============================================================
-- TRAINING RECORDS
-- ============================================================
INSERT INTO training_records (employee_id, course_id, employee_name, course_name, completion_date, expiry_date, score, result, instructor, status) VALUES
('2feebfa1-8608-4e9c-b5e6-8783b431a66c', 'ef03595b-6412-4f4b-ada1-a2573dc356bf', 'Hugo Claassens', 'General Safety Induction', '2025-01-15', '2027-01-15', 95, 'Pass', 'External Facilitator', 'Completed'),
('2feebfa1-8608-4e9c-b5e6-8783b431a66c', '1ef82aec-32b3-4b60-b913-e2ea025f976b', 'Hugo Claassens', 'First Aid Level 1', '2025-03-10', '2027-03-10', 92, 'Pass', 'Red Cross SA', 'Completed'),
('2feebfa1-8608-4e9c-b5e6-8783b431a66c', '02388bcd-ead8-41ea-8eaa-c82a23d32919', 'Hugo Claassens', 'Fire Fighting & Prevention', '2025-06-20', '2026-06-20', 88, 'Pass', 'Internal', 'Completed'),
('2feebfa1-8608-4e9c-b5e6-8783b431a66c', 'faf721ef-4444-43fc-86d0-3018477953e3', 'Hugo Claassens', 'Chemical Handling & MSDS', '2025-09-05', '2026-09-05', 90, 'Pass', 'Internal', 'Completed'),
('2feebfa1-8608-4e9c-b5e6-8783b431a66c', '833ac59d-114e-471d-8d0f-5c2cbdba43eb', 'Hugo Claassens', 'HCRW Regulations Awareness', '2025-11-12', '2026-11-12', 94, 'Pass', 'IWMSA', 'Completed'),
('2feebfa1-8608-4e9c-b5e6-8783b431a66c', '88345c3e-4e62-4bba-92aa-55ebf4695eaa', 'Hugo Claassens', 'OHS Act Awareness', '2025-04-18', '2027-04-18', 91, 'Pass', 'IRCA', 'Completed'),
('2feebfa1-8608-4e9c-b5e6-8783b431a66c', '39ea12ac-9a7e-44dd-a98b-3add2a2d23a2', 'Hugo Claassens', 'Incident Investigation', '2025-08-22', '2027-08-22', 87, 'Pass', 'Internal', 'Completed'),
('2cf90d04-c2c4-466b-9f2e-ebff45607a2a', 'ef03595b-6412-4f4b-ada1-a2573dc356bf', 'Siyanda Dlamini', 'General Safety Induction', '2024-06-10', '2026-06-10', 85, 'Pass', 'Internal', 'Completed'),
('2cf90d04-c2c4-466b-9f2e-ebff45607a2a', '02388bcd-ead8-41ea-8eaa-c82a23d32919', 'Siyanda Dlamini', 'Fire Fighting & Prevention', '2025-06-20', '2026-06-20', 78, 'Pass', 'Internal', 'Completed'),
('2cf90d04-c2c4-466b-9f2e-ebff45607a2a', '1ed5da37-62d5-4cf7-a1ab-8af46ad6adc9', 'Siyanda Dlamini', 'Defensive Driving', '2025-02-14', '2027-02-14', 82, 'Pass', 'AA Driving School', 'Completed'),
('2cf90d04-c2c4-466b-9f2e-ebff45607a2a', '6157c9e6-01d6-4629-b67a-a5f79445fd6b', 'Siyanda Dlamini', 'Supervisor Development', '2025-05-20', '2028-05-20', 80, 'Pass', 'LeadWell Consulting', 'Completed'),
('b059ec2c-7c6c-45bd-9fe0-ee1b8aec834d', 'ef03595b-6412-4f4b-ada1-a2573dc356bf', 'Rudolph Letsoalo', 'General Safety Induction', '2024-08-05', '2026-08-05', 82, 'Pass', 'Internal', 'Completed'),
('b059ec2c-7c6c-45bd-9fe0-ee1b8aec834d', '1ef82aec-32b3-4b60-b913-e2ea025f976b', 'Rudolph Letsoalo', 'First Aid Level 1', '2024-09-15', '2026-09-15', 75, 'Pass', 'Red Cross SA', 'Completed'),
('b059ec2c-7c6c-45bd-9fe0-ee1b8aec834d', '02388bcd-ead8-41ea-8eaa-c82a23d32919', 'Rudolph Letsoalo', 'Fire Fighting & Prevention', '2025-03-10', '2026-03-10', 80, 'Pass', 'Internal', 'Completed'),
('b059ec2c-7c6c-45bd-9fe0-ee1b8aec834d', 'faf721ef-4444-43fc-86d0-3018477953e3', 'Rudolph Letsoalo', 'Chemical Handling & MSDS', '2025-09-05', '2026-09-05', 77, 'Pass', 'Internal', 'Completed'),
('b059ec2c-7c6c-45bd-9fe0-ee1b8aec834d', '2ea69930-ac3b-4a21-a5c9-01c350d7e434', 'Rudolph Letsoalo', 'Autoclave Operations', '2025-01-20', '2026-01-20', 85, 'Pass', 'Internal', 'Completed'),
('b059ec2c-7c6c-45bd-9fe0-ee1b8aec834d', '6157c9e6-01d6-4629-b67a-a5f79445fd6b', 'Rudolph Letsoalo', 'Supervisor Development', '2025-05-20', '2028-05-20', 78, 'Pass', 'LeadWell Consulting', 'Completed'),
('2d01fc00-46f5-499a-a19e-a063bb66b2b3', 'ef03595b-6412-4f4b-ada1-a2573dc356bf', 'Billy Raseala', 'General Safety Induction', '2024-03-15', '2026-03-15', 80, 'Pass', 'Internal', 'Completed'),
('2d01fc00-46f5-499a-a19e-a063bb66b2b3', '02388bcd-ead8-41ea-8eaa-c82a23d32919', 'Billy Raseala', 'Fire Fighting & Prevention', '2025-01-18', '2026-01-18', 75, 'Pass', 'Internal', 'Completed'),
('2d01fc00-46f5-499a-a19e-a063bb66b2b3', '32e75475-9902-44ff-af5e-6a43c681394a', 'Billy Raseala', 'Lockout/Tagout (LOTO)', '2025-04-10', '2026-04-10', 82, 'Pass', 'Internal', 'Completed'),
('2d01fc00-46f5-499a-a19e-a063bb66b2b3', '2ea69930-ac3b-4a21-a5c9-01c350d7e434', 'Billy Raseala', 'Autoclave Operations', '2025-02-15', '2026-02-15', 78, 'Pass', 'Internal', 'Completed'),
('88882a16-5f7d-4c69-9fce-ff6d5fbadb7c', 'ef03595b-6412-4f4b-ada1-a2573dc356bf', 'Guilty Salane', 'General Safety Induction', '2025-02-10', '2027-02-10', 88, 'Pass', 'Internal', 'Completed'),
('88882a16-5f7d-4c69-9fce-ff6d5fbadb7c', '1ef82aec-32b3-4b60-b913-e2ea025f976b', 'Guilty Salane', 'First Aid Level 1', '2025-03-10', '2027-03-10', 82, 'Pass', 'Red Cross SA', 'Completed'),
('88882a16-5f7d-4c69-9fce-ff6d5fbadb7c', '02388bcd-ead8-41ea-8eaa-c82a23d32919', 'Guilty Salane', 'Fire Fighting & Prevention', '2025-06-20', '2026-06-20', 85, 'Pass', 'Internal', 'Completed'),
('88882a16-5f7d-4c69-9fce-ff6d5fbadb7c', 'faf721ef-4444-43fc-86d0-3018477953e3', 'Guilty Salane', 'Chemical Handling & MSDS', '2025-09-05', '2026-09-05', 80, 'Pass', 'Internal', 'Completed'),
('88882a16-5f7d-4c69-9fce-ff6d5fbadb7c', '6157c9e6-01d6-4629-b67a-a5f79445fd6b', 'Guilty Salane', 'Supervisor Development', '2025-07-15', '2028-07-15', 83, 'Pass', 'LeadWell Consulting', 'Completed'),
('7b4b988e-a41e-49af-b8e0-8e65da9cbe32', 'ef03595b-6412-4f4b-ada1-a2573dc356bf', 'Alfred Macheke', 'General Safety Induction', '2024-06-10', '2026-06-10', 78, 'Pass', 'Internal', 'Completed'),
('7b4b988e-a41e-49af-b8e0-8e65da9cbe32', '02388bcd-ead8-41ea-8eaa-c82a23d32919', 'Alfred Macheke', 'Fire Fighting & Prevention', '2025-06-20', '2026-06-20', 80, 'Pass', 'Internal', 'Completed'),
('7b4b988e-a41e-49af-b8e0-8e65da9cbe32', 'faf721ef-4444-43fc-86d0-3018477953e3', 'Alfred Macheke', 'Chemical Handling & MSDS', '2025-09-05', '2026-09-05', 82, 'Pass', 'Internal', 'Completed'),
('7b4b988e-a41e-49af-b8e0-8e65da9cbe32', '2ea69930-ac3b-4a21-a5c9-01c350d7e434', 'Alfred Macheke', 'Autoclave Operations', '2025-01-20', '2026-01-20', 90, 'Pass', 'Internal', 'Completed'),
('7b4b988e-a41e-49af-b8e0-8e65da9cbe32', '32e75475-9902-44ff-af5e-6a43c681394a', 'Alfred Macheke', 'Lockout/Tagout (LOTO)', '2025-04-10', '2026-04-10', 85, 'Pass', 'Internal', 'Completed'),
('7b4b988e-a41e-49af-b8e0-8e65da9cbe32', '88b68494-744b-496e-9b9b-7a4b2c30ff3e', 'Alfred Macheke', 'Waste Segregation & Classification', '2025-08-15', '2026-08-15', 88, 'Pass', 'Internal', 'Completed'),
('a7e2b7c5-00ea-4be9-b2a3-b56871ef5b23', 'ef03595b-6412-4f4b-ada1-a2573dc356bf', 'Kobetsi Makgopa', 'General Safety Induction', '2024-08-05', '2026-08-05', 80, 'Pass', 'Internal', 'Completed'),
('a7e2b7c5-00ea-4be9-b2a3-b56871ef5b23', '02388bcd-ead8-41ea-8eaa-c82a23d32919', 'Kobetsi Makgopa', 'Fire Fighting & Prevention', '2025-03-10', '2026-03-10', 82, 'Pass', 'Internal', 'Completed'),
('a7e2b7c5-00ea-4be9-b2a3-b56871ef5b23', '2ea69930-ac3b-4a21-a5c9-01c350d7e434', 'Kobetsi Makgopa', 'Autoclave Operations', '2025-01-20', '2026-01-20', 92, 'Pass', 'Internal', 'Completed'),
('a7e2b7c5-00ea-4be9-b2a3-b56871ef5b23', '88b68494-744b-496e-9b9b-7a4b2c30ff3e', 'Kobetsi Makgopa', 'Waste Segregation & Classification', '2025-08-15', '2026-08-15', 85, 'Pass', 'Internal', 'Completed'),
('e964eeb3-9f65-4c9b-a80a-a352c85694b0', 'ef03595b-6412-4f4b-ada1-a2573dc356bf', 'Freedom Mbavala', 'General Safety Induction', '2025-02-10', '2027-02-10', 83, 'Pass', 'Internal', 'Completed'),
('e964eeb3-9f65-4c9b-a80a-a352c85694b0', '02388bcd-ead8-41ea-8eaa-c82a23d32919', 'Freedom Mbavala', 'Fire Fighting & Prevention', '2025-06-20', '2026-06-20', 78, 'Pass', 'Internal', 'Completed'),
('e964eeb3-9f65-4c9b-a80a-a352c85694b0', '2ea69930-ac3b-4a21-a5c9-01c350d7e434', 'Freedom Mbavala', 'Autoclave Operations', '2025-05-15', '2026-05-15', 88, 'Pass', 'Internal', 'Completed'),
('e964eeb3-9f65-4c9b-a80a-a352c85694b0', '88b68494-744b-496e-9b9b-7a4b2c30ff3e', 'Freedom Mbavala', 'Waste Segregation & Classification', '2025-08-15', '2026-08-15', 80, 'Pass', 'Internal', 'Completed'),
('eed68390-0030-4d05-964d-884d91e5353d', 'ef03595b-6412-4f4b-ada1-a2573dc356bf', 'Mlungisi Jiyane', 'General Safety Induction', '2024-06-10', '2026-06-10', 75, 'Pass', 'Internal', 'Completed'),
('eed68390-0030-4d05-964d-884d91e5353d', '1ed5da37-62d5-4cf7-a1ab-8af46ad6adc9', 'Mlungisi Jiyane', 'Defensive Driving', '2025-02-14', '2027-02-14', 80, 'Pass', 'AA Driving School', 'Completed'),
('eed68390-0030-4d05-964d-884d91e5353d', '88b68494-744b-496e-9b9b-7a4b2c30ff3e', 'Mlungisi Jiyane', 'Waste Segregation & Classification', '2025-08-15', '2026-08-15', 72, 'Pass', 'Internal', 'Completed'),
('e5fa92cb-ba1b-4099-8888-fcefb9ec597c', 'ef03595b-6412-4f4b-ada1-a2573dc356bf', 'Johannes Macheke', 'General Safety Induction', '2024-06-10', '2026-06-10', 78, 'Pass', 'Internal', 'Completed'),
('e5fa92cb-ba1b-4099-8888-fcefb9ec597c', '1ed5da37-62d5-4cf7-a1ab-8af46ad6adc9', 'Johannes Macheke', 'Defensive Driving', '2025-02-14', '2027-02-14', 85, 'Pass', 'AA Driving School', 'Completed'),
('e5fa92cb-ba1b-4099-8888-fcefb9ec597c', '02388bcd-ead8-41ea-8eaa-c82a23d32919', 'Johannes Macheke', 'Fire Fighting & Prevention', '2025-01-18', '2026-01-18', 72, 'Pass', 'Internal', 'Completed'),
('73ff46b1-f671-40c0-9a68-f37615263bc0', 'ef03595b-6412-4f4b-ada1-a2573dc356bf', 'Samual Mare', 'General Safety Induction', '2024-08-05', '2026-08-05', 70, 'Pass', 'Internal', 'Completed'),
('73ff46b1-f671-40c0-9a68-f37615263bc0', '1ed5da37-62d5-4cf7-a1ab-8af46ad6adc9', 'Samual Mare', 'Defensive Driving', '2025-02-14', '2027-02-14', 78, 'Pass', 'AA Driving School', 'Completed'),
('4db4338a-0b20-4a5f-b756-fc2ad5918042', 'ef03595b-6412-4f4b-ada1-a2573dc356bf', 'Mthandeni Shabangu', 'General Safety Induction', '2025-02-10', '2027-02-10', 82, 'Pass', 'Internal', 'Completed'),
('4db4338a-0b20-4a5f-b756-fc2ad5918042', '1ed5da37-62d5-4cf7-a1ab-8af46ad6adc9', 'Mthandeni Shabangu', 'Defensive Driving', '2025-02-14', '2027-02-14', 80, 'Pass', 'AA Driving School', 'Completed'),
('e3451997-8751-4408-be3d-b1aa65932219', 'ef03595b-6412-4f4b-ada1-a2573dc356bf', 'Fhumulani Mudau', 'General Safety Induction', '2024-03-15', '2026-03-15', 74, 'Pass', 'Internal', 'Completed'),
('e3451997-8751-4408-be3d-b1aa65932219', '1ed5da37-62d5-4cf7-a1ab-8af46ad6adc9', 'Fhumulani Mudau', 'Defensive Driving', '2024-11-20', '2026-11-20', 76, 'Pass', 'AA Driving School', 'Completed'),
('86962ace-9d4f-4140-9d59-a708a43dc654', 'ef03595b-6412-4f4b-ada1-a2573dc356bf', 'Phogole Talane', 'General Safety Induction', '2024-08-05', '2026-08-05', 72, 'Pass', 'Internal', 'Completed'),
('86962ace-9d4f-4140-9d59-a708a43dc654', '1ed5da37-62d5-4cf7-a1ab-8af46ad6adc9', 'Phogole Talane', 'Defensive Driving', '2025-02-14', '2027-02-14', 82, 'Pass', 'AA Driving School', 'Completed'),
('fd2f9cdf-8b3a-4a16-8ac5-d30f407ca6ea', 'ef03595b-6412-4f4b-ada1-a2573dc356bf', 'Castro Banda', 'General Safety Induction', '2025-02-10', '2027-02-10', 76, 'Pass', 'Internal', 'Completed'),
('fd2f9cdf-8b3a-4a16-8ac5-d30f407ca6ea', '02388bcd-ead8-41ea-8eaa-c82a23d32919', 'Castro Banda', 'Fire Fighting & Prevention', '2025-06-20', '2026-06-20', 72, 'Pass', 'Internal', 'Completed'),
('fbf6d99e-7cc5-4e15-be65-789a1b490566', 'ef03595b-6412-4f4b-ada1-a2573dc356bf', 'Tinyiko Chauke', 'General Safety Induction', '2024-06-10', '2026-06-10', 70, 'Pass', 'Internal', 'Completed'),
('68d3a50f-876b-45a0-8d11-092f3ae2dfba', 'ef03595b-6412-4f4b-ada1-a2573dc356bf', 'Dipolelo Letswalo', 'General Safety Induction', '2025-02-10', '2027-02-10', 78, 'Pass', 'Internal', 'Completed'),
('68d3a50f-876b-45a0-8d11-092f3ae2dfba', '88b68494-744b-496e-9b9b-7a4b2c30ff3e', 'Dipolelo Letswalo', 'Waste Segregation & Classification', '2025-08-15', '2026-08-15', 75, 'Pass', 'Internal', 'Completed'),
('5168c866-7b7f-4e50-82b5-a9754b2402b1', 'ef03595b-6412-4f4b-ada1-a2573dc356bf', 'David Mahlangu', 'General Safety Induction', '2024-08-05', '2026-08-05', 72, 'Pass', 'Internal', 'Completed'),
('7e1cbffb-3db3-4906-82a6-e34eda163424', 'ef03595b-6412-4f4b-ada1-a2573dc356bf', 'Siyabonga Mahlangu', 'General Safety Induction', '2025-02-10', '2027-02-10', 80, 'Pass', 'Internal', 'Completed'),
('7e1cbffb-3db3-4906-82a6-e34eda163424', '02388bcd-ead8-41ea-8eaa-c82a23d32919', 'Siyabonga Mahlangu', 'Fire Fighting & Prevention', '2025-06-20', '2026-06-20', 74, 'Pass', 'Internal', 'Completed'),
('c38fd662-6eb3-418f-9619-f3601d8ca059', 'ef03595b-6412-4f4b-ada1-a2573dc356bf', 'Piet Mahlangu', 'General Safety Induction', '2024-03-15', '2026-03-15', 68, 'Pass', 'Internal', 'Completed'),
('4dd5b1d5-ec1e-4b57-a6db-1eda258016ed', 'ef03595b-6412-4f4b-ada1-a2573dc356bf', 'Kgaugelo Masha', 'General Safety Induction', '2025-02-10', '2027-02-10', 74, 'Pass', 'Internal', 'Completed'),
('4dd5b1d5-ec1e-4b57-a6db-1eda258016ed', '88b68494-744b-496e-9b9b-7a4b2c30ff3e', 'Kgaugelo Masha', 'Waste Segregation & Classification', '2025-08-15', '2026-08-15', 78, 'Pass', 'Internal', 'Completed'),
('d135d8d4-9691-4000-899e-53de67712ad9', 'ef03595b-6412-4f4b-ada1-a2573dc356bf', 'Shaun Ngobeni', 'General Safety Induction', '2024-06-10', '2026-06-10', 76, 'Pass', 'Internal', 'Completed'),
('d135d8d4-9691-4000-899e-53de67712ad9', '02388bcd-ead8-41ea-8eaa-c82a23d32919', 'Shaun Ngobeni', 'Fire Fighting & Prevention', '2025-03-10', '2026-03-10', 70, 'Pass', 'Internal', 'Completed'),
('3adb4bbf-7410-4a97-a26e-bd96a5e63f46', 'ef03595b-6412-4f4b-ada1-a2573dc356bf', 'Lodwic Mahanuke', 'General Safety Induction', '2024-08-05', '2026-08-05', 80, 'Pass', 'Internal', 'Completed'),
('3adb4bbf-7410-4a97-a26e-bd96a5e63f46', 'faf721ef-4444-43fc-86d0-3018477953e3', 'Lodwic Mahanuke', 'Chemical Handling & MSDS', '2025-09-05', '2026-09-05', 85, 'Pass', 'Internal', 'Completed'),
('1e06a959-87e5-48d5-b6d6-1a34d02c4b1e', 'ef03595b-6412-4f4b-ada1-a2573dc356bf', 'Calvin Ratau', 'General Safety Induction', '2025-02-10', '2027-02-10', 82, 'Pass', 'Internal', 'Completed'),
('1e06a959-87e5-48d5-b6d6-1a34d02c4b1e', 'faf721ef-4444-43fc-86d0-3018477953e3', 'Calvin Ratau', 'Chemical Handling & MSDS', '2025-09-05', '2026-09-05', 80, 'Pass', 'Internal', 'Completed'),
('4d8cd1e3-00ca-4f0d-ae74-9a0154315c8b', 'ef03595b-6412-4f4b-ada1-a2573dc356bf', 'Senthy Seotlo', 'General Safety Induction', '2024-06-10', '2026-06-10', 78, 'Pass', 'Internal', 'Completed'),
('2961b45c-3572-43e7-94fc-a17427fe164b', 'ef03595b-6412-4f4b-ada1-a2573dc356bf', 'Leon Compion', 'General Safety Induction', '2024-08-05', '2026-08-05', 84, 'Pass', 'Internal', 'Completed'),
('2961b45c-3572-43e7-94fc-a17427fe164b', '32e75475-9902-44ff-af5e-6a43c681394a', 'Leon Compion', 'Lockout/Tagout (LOTO)', '2025-04-10', '2026-04-10', 90, 'Pass', 'Internal', 'Completed'),
('2961b45c-3572-43e7-94fc-a17427fe164b', '6374a10d-3b1d-4898-a00d-f2e13f5473ba', 'Leon Compion', 'Working at Heights', '2025-05-22', '2026-05-22', 88, 'Pass', 'SafetyFirst Training', 'Completed'),
('2961b45c-3572-43e7-94fc-a17427fe164b', 'fa0b00ce-f769-434c-8b4b-bed3870b790a', 'Leon Compion', 'Forklift Operations', '2024-11-18', '2026-11-18', 86, 'Pass', 'LiftSafe Academy', 'Completed');

-- ============================================================
-- TRAINING CERTIFICATES
-- ============================================================
INSERT INTO training_certificates (employee_id, course_id, employee_name, course_name, certificate_number, issue_date, expiry_date, issuing_body, document_reference, status, notes) VALUES
('2feebfa1-8608-4e9c-b5e6-8783b431a66c', 'ef03595b-6412-4f4b-ada1-a2573dc356bf', 'Hugo Claassens', 'General Safety Induction', 'CERT-2025-0001', '2025-01-15', '2027-01-15', 'Tech4Green', 'T4G/IND/2025/001', 'Valid', ''),
('2feebfa1-8608-4e9c-b5e6-8783b431a66c', '1ef82aec-32b3-4b60-b913-e2ea025f976b', 'Hugo Claassens', 'First Aid Level 1', 'CERT-2025-0002', '2025-03-10', '2027-03-10', 'Red Cross SA', 'RCSA/FA1/2025/042', 'Valid', ''),
('2feebfa1-8608-4e9c-b5e6-8783b431a66c', '833ac59d-114e-471d-8d0f-5c2cbdba43eb', 'Hugo Claassens', 'HCRW Regulations Awareness', 'CERT-2025-0003', '2025-11-12', '2026-11-12', 'IWMSA', 'IWMSA/HCRW/2025/118', 'Valid', ''),
('2feebfa1-8608-4e9c-b5e6-8783b431a66c', '88345c3e-4e62-4bba-92aa-55ebf4695eaa', 'Hugo Claassens', 'OHS Act Awareness', 'CERT-2025-0004', '2025-04-18', '2027-04-18', 'IRCA', 'IRCA/OHS/2025/055', 'Valid', ''),
('88882a16-5f7d-4c69-9fce-ff6d5fbadb7c', '1ef82aec-32b3-4b60-b913-e2ea025f976b', 'Guilty Salane', 'First Aid Level 1', 'CERT-2025-0005', '2025-03-10', '2027-03-10', 'Red Cross SA', 'RCSA/FA1/2025/043', 'Valid', ''),
('b059ec2c-7c6c-45bd-9fe0-ee1b8aec834d', '1ef82aec-32b3-4b60-b913-e2ea025f976b', 'Rudolph Letsoalo', 'First Aid Level 1', 'CERT-2024-0010', '2024-09-15', '2026-09-15', 'Red Cross SA', 'RCSA/FA1/2024/091', 'Valid', ''),
('2cf90d04-c2c4-466b-9f2e-ebff45607a2a', '1ed5da37-62d5-4cf7-a1ab-8af46ad6adc9', 'Siyanda Dlamini', 'Defensive Driving', 'CERT-2025-0006', '2025-02-14', '2027-02-14', 'AA Driving School', 'AADS/DD/2025/014', 'Valid', ''),
('eed68390-0030-4d05-964d-884d91e5353d', '1ed5da37-62d5-4cf7-a1ab-8af46ad6adc9', 'Mlungisi Jiyane', 'Defensive Driving', 'CERT-2025-0007', '2025-02-14', '2027-02-14', 'AA Driving School', 'AADS/DD/2025/015', 'Valid', ''),
('e5fa92cb-ba1b-4099-8888-fcefb9ec597c', '1ed5da37-62d5-4cf7-a1ab-8af46ad6adc9', 'Johannes Macheke', 'Defensive Driving', 'CERT-2025-0008', '2025-02-14', '2027-02-14', 'AA Driving School', 'AADS/DD/2025/016', 'Valid', ''),
('73ff46b1-f671-40c0-9a68-f37615263bc0', '1ed5da37-62d5-4cf7-a1ab-8af46ad6adc9', 'Samual Mare', 'Defensive Driving', 'CERT-2025-0009', '2025-02-14', '2027-02-14', 'AA Driving School', 'AADS/DD/2025/017', 'Valid', ''),
('2961b45c-3572-43e7-94fc-a17427fe164b', 'fa0b00ce-f769-434c-8b4b-bed3870b790a', 'Leon Compion', 'Forklift Operations', 'CERT-2024-0011', '2024-11-18', '2026-11-18', 'LiftSafe Academy', 'LSA/FORK/2024/088', 'Valid', ''),
('2961b45c-3572-43e7-94fc-a17427fe164b', '6374a10d-3b1d-4898-a00d-f2e13f5473ba', 'Leon Compion', 'Working at Heights', 'CERT-2025-0012', '2025-05-22', '2026-05-22', 'SafetyFirst Training', 'SFT/WAH/2025/033', 'Valid', ''),
('2cf90d04-c2c4-466b-9f2e-ebff45607a2a', '6157c9e6-01d6-4629-b67a-a5f79445fd6b', 'Siyanda Dlamini', 'Supervisor Development', 'CERT-2025-0013', '2025-05-20', '2028-05-20', 'LeadWell Consulting', 'LWC/SD/2025/008', 'Valid', ''),
('2feebfa1-8608-4e9c-b5e6-8783b431a66c', '02388bcd-ead8-41ea-8eaa-c82a23d32919', 'Hugo Claassens', 'Fire Fighting & Prevention', 'CERT-2025-0014', '2025-06-20', '2026-06-20', 'Tech4Green', 'T4G/FIRE/2025/012', 'Valid', 'Renewal due'),
('2cf90d04-c2c4-466b-9f2e-ebff45607a2a', '02388bcd-ead8-41ea-8eaa-c82a23d32919', 'Siyanda Dlamini', 'Fire Fighting & Prevention', 'CERT-2025-0015', '2025-06-20', '2026-06-20', 'Tech4Green', 'T4G/FIRE/2025/013', 'Valid', 'Renewal due'),
('88882a16-5f7d-4c69-9fce-ff6d5fbadb7c', '02388bcd-ead8-41ea-8eaa-c82a23d32919', 'Guilty Salane', 'Fire Fighting & Prevention', 'CERT-2025-0016', '2025-06-20', '2026-06-20', 'Tech4Green', 'T4G/FIRE/2025/014', 'Valid', 'Renewal due'),
('7b4b988e-a41e-49af-b8e0-8e65da9cbe32', '02388bcd-ead8-41ea-8eaa-c82a23d32919', 'Alfred Macheke', 'Fire Fighting & Prevention', 'CERT-2025-0017', '2025-06-20', '2026-06-20', 'Tech4Green', 'T4G/FIRE/2025/015', 'Valid', 'Renewal due'),
('e964eeb3-9f65-4c9b-a80a-a352c85694b0', '02388bcd-ead8-41ea-8eaa-c82a23d32919', 'Freedom Mbavala', 'Fire Fighting & Prevention', 'CERT-2025-0018', '2025-06-20', '2026-06-20', 'Tech4Green', 'T4G/FIRE/2025/016', 'Valid', 'Renewal due'),
('e964eeb3-9f65-4c9b-a80a-a352c85694b0', '2ea69930-ac3b-4a21-a5c9-01c350d7e434', 'Freedom Mbavala', 'Autoclave Operations', 'CERT-2025-0019', '2025-05-15', '2026-05-15', 'Tech4Green', 'T4G/AUTO/2025/009', 'Expired', 'Renewal overdue'),
('2d01fc00-46f5-499a-a19e-a063bb66b2b3', '02388bcd-ead8-41ea-8eaa-c82a23d32919', 'Billy Raseala', 'Fire Fighting & Prevention', 'CERT-2025-0020', '2025-01-18', '2026-01-18', 'Tech4Green', 'T4G/FIRE/2025/003', 'Expired', 'Needs renewal'),
('2d01fc00-46f5-499a-a19e-a063bb66b2b3', '32e75475-9902-44ff-af5e-6a43c681394a', 'Billy Raseala', 'Lockout/Tagout (LOTO)', 'CERT-2025-0021', '2025-04-10', '2026-04-10', 'Tech4Green', 'T4G/LOTO/2025/006', 'Expired', 'Needs renewal'),
('2d01fc00-46f5-499a-a19e-a063bb66b2b3', '2ea69930-ac3b-4a21-a5c9-01c350d7e434', 'Billy Raseala', 'Autoclave Operations', 'CERT-2025-0022', '2025-02-15', '2026-02-15', 'Tech4Green', 'T4G/AUTO/2025/005', 'Expired', 'Needs renewal'),
('7b4b988e-a41e-49af-b8e0-8e65da9cbe32', '32e75475-9902-44ff-af5e-6a43c681394a', 'Alfred Macheke', 'Lockout/Tagout (LOTO)', 'CERT-2025-0023', '2025-04-10', '2026-04-10', 'Tech4Green', 'T4G/LOTO/2025/007', 'Expired', 'Needs renewal'),
('7b4b988e-a41e-49af-b8e0-8e65da9cbe32', '2ea69930-ac3b-4a21-a5c9-01c350d7e434', 'Alfred Macheke', 'Autoclave Operations', 'CERT-2025-0024', '2025-01-20', '2026-01-20', 'Tech4Green', 'T4G/AUTO/2025/004', 'Expired', 'Needs renewal'),
('a7e2b7c5-00ea-4be9-b2a3-b56871ef5b23', '2ea69930-ac3b-4a21-a5c9-01c350d7e434', 'Kobetsi Makgopa', 'Autoclave Operations', 'CERT-2025-0025', '2025-01-20', '2026-01-20', 'Tech4Green', 'T4G/AUTO/2025/003', 'Expired', 'Needs renewal'),
('a7e2b7c5-00ea-4be9-b2a3-b56871ef5b23', '02388bcd-ead8-41ea-8eaa-c82a23d32919', 'Kobetsi Makgopa', 'Fire Fighting & Prevention', 'CERT-2025-0026', '2025-03-10', '2026-03-10', 'Tech4Green', 'T4G/FIRE/2025/008', 'Expired', 'Needs renewal'),
('d135d8d4-9691-4000-899e-53de67712ad9', '02388bcd-ead8-41ea-8eaa-c82a23d32919', 'Shaun Ngobeni', 'Fire Fighting & Prevention', 'CERT-2025-0027', '2025-03-10', '2026-03-10', 'Tech4Green', 'T4G/FIRE/2025/009', 'Expired', 'Needs renewal'),
('e5fa92cb-ba1b-4099-8888-fcefb9ec597c', '02388bcd-ead8-41ea-8eaa-c82a23d32919', 'Johannes Macheke', 'Fire Fighting & Prevention', 'CERT-2025-0028', '2025-01-18', '2026-01-18', 'Tech4Green', 'T4G/FIRE/2025/004', 'Expired', 'Needs renewal'),
('b059ec2c-7c6c-45bd-9fe0-ee1b8aec834d', '02388bcd-ead8-41ea-8eaa-c82a23d32919', 'Rudolph Letsoalo', 'Fire Fighting & Prevention', 'CERT-2024-0012', '2025-03-10', '2026-03-10', 'Tech4Green', 'T4G/FIRE/2025/007', 'Expired', 'Needs renewal'),
('b059ec2c-7c6c-45bd-9fe0-ee1b8aec834d', '2ea69930-ac3b-4a21-a5c9-01c350d7e434', 'Rudolph Letsoalo', 'Autoclave Operations', 'CERT-2025-0029', '2025-01-20', '2026-01-20', 'Tech4Green', 'T4G/AUTO/2025/002', 'Expired', 'Needs renewal');

-- ============================================================
-- TRAINING SCHEDULE
-- ============================================================
INSERT INTO training_schedule (course_id, course_name, scheduled_date, scheduled_time, location, instructor, capacity, enrolled_count, description, status) VALUES
('ef03595b-6412-4f4b-ada1-a2573dc356bf', 'General Safety Induction', '2026-01-15', '08:00', 'Training Room', 'H. Claassens', 15, 12, 'Annual safety induction refresher for all new and existing staff.', 'Completed'),
('1ef82aec-32b3-4b60-b913-e2ea025f976b', 'First Aid Level 1', '2026-02-18', '08:00', 'Training Room', 'Red Cross SA', 10, 8, 'Two-day first aid certification course.', 'Completed'),
('02388bcd-ead8-41ea-8eaa-c82a23d32919', 'Fire Fighting & Prevention', '2026-03-12', '09:00', 'Yard Area', 'H. Claassens', 20, 18, 'Practical fire fighting with live extinguisher exercise.', 'Completed'),
('88b68494-744b-496e-9b9b-7a4b2c30ff3e', 'Waste Segregation & Classification', '2026-04-08', '08:30', 'Training Room', 'H. Claassens', 15, 14, 'Refresher on waste categories and colour coding.', 'Completed'),
('1ed5da37-62d5-4cf7-a1ab-8af46ad6adc9', 'Defensive Driving', '2026-04-22', '07:00', 'Offsite - AA Centre', 'AA Driving School', 8, 6, 'Full day defensive driving course for collection route drivers.', 'Completed'),
('faf721ef-4444-43fc-86d0-3018477953e3', 'Chemical Handling & MSDS', '2026-06-10', '09:00', 'Training Room', 'H. Claassens', 15, 8, 'Annual chemical safety refresher with practical MSDS exercises.', 'Scheduled'),
('32e75475-9902-44ff-af5e-6a43c681394a', 'Lockout/Tagout (LOTO)', '2026-06-18', '08:00', 'Workshop', 'L. Compion', 10, 6, 'LOTO procedure refresher with practical demonstrations on plant equipment.', 'Scheduled'),
('2ea69930-ac3b-4a21-a5c9-01c350d7e434', 'Autoclave Operations', '2026-07-08', '08:00', 'Treatment Plant', 'A. Macheke', 8, 5, 'Annual autoclave operations recertification for all operators.', 'Scheduled'),
('833ac59d-114e-471d-8d0f-5c2cbdba43eb', 'HCRW Regulations Awareness', '2026-07-22', '09:00', 'Training Room', 'IWMSA Facilitator', 20, 0, 'Annual regulatory compliance refresher. Mandatory for all operational staff.', 'Scheduled'),
('6374a10d-3b1d-4898-a00d-f2e13f5473ba', 'Working at Heights', '2026-08-05', '07:30', 'Offsite - SFT Centre', 'SafetyFirst Training', 6, 3, 'Fall protection certification for maintenance team.', 'Scheduled');
